USE empresa_prueba_ud3;

-- Inserciones en ACCOUNT
INSERT IGNORE INTO ACCOUNT (ACCOUNTNO, AMOUNT) VALUES (22, 3003280.0000);
INSERT IGNORE INTO ACCOUNT (ACCOUNTNO, AMOUNT) VALUES (23, 1700.0000);
INSERT IGNORE INTO ACCOUNT (ACCOUNTNO, AMOUNT) VALUES (24, 1000.5375);
INSERT IGNORE INTO ACCOUNT (ACCOUNTNO, AMOUNT) VALUES (25, 1172.0000);
INSERT IGNORE INTO ACCOUNT (ACCOUNTNO, AMOUNT) VALUES (26, 1002.5000);
INSERT IGNORE INTO ACCOUNT (ACCOUNTNO, AMOUNT) VALUES (27, 1000.0000);
INSERT IGNORE INTO ACCOUNT (ACCOUNTNO, AMOUNT) VALUES (28, 1600.0000);
INSERT IGNORE INTO ACCOUNT (ACCOUNTNO, AMOUNT) VALUES (29, 1000.0000);
INSERT IGNORE INTO ACCOUNT (ACCOUNTNO, AMOUNT) VALUES (30, 1000.0000);
INSERT IGNORE INTO ACCOUNT (ACCOUNTNO, AMOUNT) VALUES (31, 1000.0000);
INSERT IGNORE INTO ACCOUNT (ACCOUNTNO, AMOUNT) VALUES (32, 1000.0000);
INSERT IGNORE INTO ACCOUNT (ACCOUNTNO, AMOUNT) VALUES (33, 1000.0000);
INSERT IGNORE INTO ACCOUNT (ACCOUNTNO, AMOUNT) VALUES (34, 1000.0000);
INSERT IGNORE INTO ACCOUNT (ACCOUNTNO, AMOUNT) VALUES (35, 1000.0000);
INSERT IGNORE INTO ACCOUNT (ACCOUNTNO, AMOUNT) VALUES (36, 1000.0000);
INSERT IGNORE INTO ACCOUNT (ACCOUNTNO, AMOUNT) VALUES (37, 1000.0000);
INSERT IGNORE INTO ACCOUNT (ACCOUNTNO, AMOUNT) VALUES (38, 1000.0000);
INSERT IGNORE INTO ACCOUNT (ACCOUNTNO, AMOUNT) VALUES (39, 1000.0000);
INSERT IGNORE INTO ACCOUNT (ACCOUNTNO, AMOUNT) VALUES (40, 1000.0000);
INSERT IGNORE INTO ACCOUNT (ACCOUNTNO, AMOUNT) VALUES (41, 1000.0000);
INSERT IGNORE INTO ACCOUNT (ACCOUNTNO, AMOUNT) VALUES (43, 500.0000);
INSERT IGNORE INTO ACCOUNT (ACCOUNTNO, AMOUNT) VALUES (1045, 3000.0000);
INSERT IGNORE INTO ACCOUNT (ACCOUNTNO, AMOUNT) VALUES (3043, 200.0000);
INSERT IGNORE INTO ACCOUNT (ACCOUNTNO, AMOUNT) VALUES (3044, 150.0000);
INSERT IGNORE INTO ACCOUNT (ACCOUNTNO, AMOUNT) VALUES (3047, 155.0000);
INSERT IGNORE INTO ACCOUNT (ACCOUNTNO, AMOUNT) VALUES (4044, 1500.0000);
INSERT IGNORE INTO ACCOUNT (ACCOUNTNO, AMOUNT) VALUES (4045, 1000.0000);
INSERT IGNORE INTO ACCOUNT (ACCOUNTNO, AMOUNT) VALUES (4046, 45.0000);
INSERT IGNORE INTO ACCOUNT (ACCOUNTNO, AMOUNT) VALUES (4047, 800.0000);

-- Inserciones en ACC_MOVEMENT
INSERT IGNORE INTO ACC_MOVEMENT (ACCOUNT_MOV_ID, ACCOUNT_ORIGIN_ID, ACCOUNT_DEST_ID, AMOUNT, DATETIME) 
VALUES (3, 22, 23, 300.0000, '2022-12-08 13:13:03');
INSERT IGNORE INTO ACC_MOVEMENT (ACCOUNT_MOV_ID, ACCOUNT_ORIGIN_ID, ACCOUNT_DEST_ID, AMOUNT, DATETIME) 
VALUES (4, 22, 23, 15.0000, '2022-12-08 13:14:53');
INSERT IGNORE INTO ACC_MOVEMENT (ACCOUNT_MOV_ID, ACCOUNT_ORIGIN_ID, ACCOUNT_DEST_ID, AMOUNT, DATETIME) 
VALUES (5, 23, 22, 685.0000, '2022-12-11 12:13:06');
INSERT IGNORE INTO ACC_MOVEMENT (ACCOUNT_MOV_ID, ACCOUNT_ORIGIN_ID, ACCOUNT_DEST_ID, AMOUNT, DATETIME) 
VALUES (6, 23, 22, 3003709.9900, '2022-12-11 12:14:00');
INSERT IGNORE INTO ACC_MOVEMENT (ACCOUNT_MOV_ID, ACCOUNT_ORIGIN_ID, ACCOUNT_DEST_ID, AMOUNT, DATETIME) 
VALUES (8, 22, 23, 900.0000, '2022-12-11 12:55:34');
INSERT IGNORE INTO ACC_MOVEMENT (ACCOUNT_MOV_ID, ACCOUNT_ORIGIN_ID, ACCOUNT_DEST_ID, AMOUNT, DATETIME) 
VALUES (9, 22, 23, 900.0000, '2022-12-11 12:57:15');
INSERT IGNORE INTO ACC_MOVEMENT (ACCOUNT_MOV_ID, ACCOUNT_ORIGIN_ID, ACCOUNT_DEST_ID, AMOUNT, DATETIME) 
VALUES (1010, 23, 24, 100.0000, '2023-02-14 13:45:55');
INSERT IGNORE INTO ACC_MOVEMENT (ACCOUNT_MOV_ID, ACCOUNT_ORIGIN_ID, ACCOUNT_DEST_ID, AMOUNT, DATETIME) 
VALUES (1011, 23, 24, 100.0000, '2023-02-14 13:51:12');
INSERT IGNORE INTO ACC_MOVEMENT (ACCOUNT_MOV_ID, ACCOUNT_ORIGIN_ID, ACCOUNT_DEST_ID, AMOUNT, DATETIME) 
VALUES (1012, 23, 24, 200.0000, '2023-02-14 14:19:20');
INSERT IGNORE INTO ACC_MOVEMENT (ACCOUNT_MOV_ID, ACCOUNT_ORIGIN_ID, ACCOUNT_DEST_ID, AMOUNT, DATETIME) 
VALUES (1013, 24, 23, 233.0000, '2023-02-14 14:33:41');
INSERT IGNORE INTO ACC_MOVEMENT (ACCOUNT_MOV_ID, ACCOUNT_ORIGIN_ID, ACCOUNT_DEST_ID, AMOUNT, DATETIME) 
VALUES (1014, 24, 23, 1000.0000, '2023-02-14 17:04:53');
INSERT IGNORE INTO ACC_MOVEMENT (ACCOUNT_MOV_ID, ACCOUNT_ORIGIN_ID, ACCOUNT_DEST_ID, AMOUNT, DATETIME) 
VALUES (2010, 23, 24, 533.4950, '2023-02-20 10:48:18');
INSERT IGNORE INTO ACC_MOVEMENT (ACCOUNT_MOV_ID, ACCOUNT_ORIGIN_ID, ACCOUNT_DEST_ID, AMOUNT, DATETIME) 
VALUES (4010, 3043, 3043, -1300.0000, '2023-03-16 18:06:15');
INSERT IGNORE INTO ACC_MOVEMENT (ACCOUNT_MOV_ID, ACCOUNT_ORIGIN_ID, ACCOUNT_DEST_ID, AMOUNT, DATETIME) 
VALUES (4011, 3044, 3044, 150.0000, '2023-03-16 18:15:32');
INSERT IGNORE INTO ACC_MOVEMENT (ACCOUNT_MOV_ID, ACCOUNT_ORIGIN_ID, ACCOUNT_DEST_ID, AMOUNT, DATETIME) 
VALUES (5011, 4045, 4045, -500.0000, '2023-03-19 12:16:13');
INSERT IGNORE INTO ACC_MOVEMENT (ACCOUNT_MOV_ID, ACCOUNT_ORIGIN_ID, ACCOUNT_DEST_ID, AMOUNT, DATETIME) 
VALUES (5012, 4046, 4046, -55.0000, '2023-03-19 12:17:32');
INSERT IGNORE INTO ACC_MOVEMENT (ACCOUNT_MOV_ID, ACCOUNT_ORIGIN_ID, ACCOUNT_DEST_ID, AMOUNT, DATETIME) 
VALUES (5013, 4047, 4047, -800.0000, '2023-03-19 12:20:32');

-- Inserciones en DEPARTMENT
INSERT IGNORE INTO DEPARTMENT (DEPTNO, DNAME, LOC) VALUES (10, 'ACCOUNTING', 'NEW YORK');
INSERT IGNORE INTO DEPARTMENT (DEPTNO, DNAME, LOC) VALUES (20, 'RESEARCH', 'DALLAS');
INSERT IGNORE INTO DEPARTMENT (DEPTNO, DNAME, LOC) VALUES (30, 'SALES', 'CHICAGO');
INSERT IGNORE INTO DEPARTMENT (DEPTNO, DNAME, LOC) VALUES (40, 'OPERACIONES 2', 'BOSTON');


-- Inserciones en EMPLOYEE

INSERT IGNORE INTO EMPLOYEE (EMPLOYEENO, ENAME, JOB, MGR, HIREDATE, SAL, COMM, DEPARTMENTNO) 
VALUES (7902, N'FORD', N'ANALYST', 7566, '1981-12-03', 3000.0000, 0.0000, 20);

INSERT IGNORE INTO EMPLOYEE (EMPLOYEENO, ENAME, JOB, MGR, HIREDATE, SAL, COMM, DEPARTMENTNO) 
VALUES (7839, N'KING', N'PRESIDENT', NULL, '1981-11-17', 3750.0000, 0.0000, 10);

INSERT IGNORE INTO EMPLOYEE (EMPLOYEENO, ENAME, JOB, MGR, HIREDATE, SAL, COMM, DEPARTMENTNO) 
VALUES (7369, 'SMITH', 'CLERK', 7902, '1980-12-17', 800.0000, 350.0000, 20);
INSERT IGNORE INTO EMPLOYEE (EMPLOYEENO, ENAME, JOB, MGR, HIREDATE, SAL, COMM, DEPARTMENTNO) 
VALUES (7499, 'ALLEN', 'SALESMAN', 7698, '1981-02-20', 1600.0000, 79.8295, 30);
INSERT IGNORE INTO EMPLOYEE (EMPLOYEENO, ENAME, JOB, MGR, HIREDATE, SAL, COMM, DEPARTMENTNO) 
VALUES (7521, 'WARD', 'SALESMAN', 7698, '1981-02-22', 1250.0000, 500.0000, 30);
INSERT IGNORE INTO EMPLOYEE (EMPLOYEENO, ENAME, JOB, MGR, HIREDATE, SAL, COMM, DEPARTMENTNO) 
VALUES (7566, 'JONES', 'MANAGER', 7839, '1981-03-31', 2975.0000, NULL, 20);
INSERT IGNORE INTO EMPLOYEE (EMPLOYEENO, ENAME, JOB, MGR, HIREDATE, SAL, COMM, DEPARTMENTNO) 
VALUES (7698, 'BLAKE', 'MANAGER', 7839, '1981-03-05', 2850.0000, NULL, 30);


-- Inserciones en EMPLOYEE_ACCOUNT
INSERT IGNORE INTO EMPLOYEE_ACCOUNT (EMPLOYEENO, ACCOUNTNO) VALUES (7369, 22);
INSERT IGNORE INTO EMPLOYEE_ACCOUNT (EMPLOYEENO, ACCOUNTNO) VALUES (7369, 23);
INSERT IGNORE INTO EMPLOYEE_ACCOUNT (EMPLOYEENO, ACCOUNTNO) VALUES (7369, 4045);
INSERT IGNORE INTO EMPLOYEE_ACCOUNT (EMPLOYEENO, ACCOUNTNO) VALUES (7499, 23);
INSERT IGNORE INTO EMPLOYEE_ACCOUNT (EMPLOYEENO, ACCOUNTNO) VALUES (7499, 4044);
INSERT IGNORE INTO EMPLOYEE_ACCOUNT (EMPLOYEENO, ACCOUNTNO) VALUES (7521, 24);
INSERT IGNORE INTO EMPLOYEE_ACCOUNT (EMPLOYEENO, ACCOUNTNO) VALUES (7521, 3043);
INSERT IGNORE INTO EMPLOYEE_ACCOUNT (EMPLOYEENO, ACCOUNTNO) VALUES (7566, 22)


